{
  "center-item": {
    "x": 9.984375,
    "y": 41,
    "width": 80.03125,
    "height": 18
  },
  "another-item": {
    "x": 105.078125,
    "y": 41,
    "width": 89.828125,
    "height": 18
  }
}