{
  "water": {
    "x": 0,
    "y": 0,
    "width": 75,
    "height": 100
  },
  "poison": {
    "x": 75,
    "y": 0,
    "width": 47.15625,
    "height": 100
  },
  "water-2": {
    "x": 122.15625,
    "y": 0,
    "width": 44.453125,
    "height": 100
  }
}
