{
  "auto-width": {
    "x": 0,
    "y": 0,
    "width": 73.828125,
    "height": 100
  },
  "fixed-width": {
    "x": 73.828125,
    "y": 0,
    "width": 100,
    "height": 100
  },
  "flexible": {
    "x": 173.828125,
    "y": 0,
    "width": 126.171875,
    "height": 100
  }
}